s,"Risk 1 (High)",606,5,c,41,-87,"Pass"
r,"Risk 3 (Low)",606,7,l,41,-87,"Fail"
r,"Risk 1 (High)",606,5,c,41,-87,"Pass"
r,"Risk 1 (High)",606,7,c,41,-87,"Pass"
r,"Risk 1 (High)",606,8,c,42,-87,"Pass"
r,"Risk 1 (High)",606,7,s,41,-87,"Pass"
r,"Risk 1 (High)",606,8,c,41,-87,"Pass"
r,"Risk 1 (High)",606,8,c,41,-87,"Pass w/ Conditions"
r,"Risk 2 (Medium)",606,5,c,41,-87,"Pass"
r,"Risk 1 (High)",606,8,c,41,-87,"Pass"
r,"Risk 1 (High)",606,6,c,41,-87,"Pass"
r,"Risk 1 (High)",606,5,c,41,-87,"Pass"
b,"Risk 2 (Medium)",606,7,c,41,-87,"Fail"
d,"Risk 1 (High)",606,5,c,41,-87,"Pass w/ Conditions"
r,"Risk 1 (High)",606,6,c,41,-87,"Pass"
r,"Risk 1 (High)",606,6,c,41,-87,"Pass w/ Conditions"
r,"Risk 1 (High)",606,6,c,42,-87,"Pass"
s,"Risk 1 (High)",606,4,c,41,-87,"Pass"
r,"Risk 1 (High)",607,5,l,41,-87,"Pass"
r,"Risk 1 (High)",606,9,l,41,-87,"Fail"
r,"Risk 1 (High)",606,8,l,41,-87,"Fail"
r,"Risk 1 (High)",606,6,c,41,-87,"Pass"
r,"Risk 1 (High)",606,4,c,41,-87,"Pass"
r,"Risk 1 (High)",606,7,c,41,-87,"Pass"
r,"Risk 1 (High)",606,5,c,41,-87,"Pass"
r,"Risk 1 (High)",606,5,c,41,-87,"Pass"
r,"Risk 1 (High)",606,6,c,41,-87,"Pass"
g,"Risk 2 (Medium)",606,6,c,41,-87,"Pass"
r,"Risk 1 (High)",606,5,c,41,-87,"Pass"
l,"Risk 2 (Medium)",606,5,l,41,-87,"Pass"
r,"Risk 3 (Low)",606,7,l,41,-87,"Fail"
g,"Risk 2 (Medium)",606,8,c,41,-87,"Pass"
,"Risk 2 (Medium)",606,9,l,41,-87,"Fail"
s,"Risk 1 (High)",606,5,c,41,-87,"Fail"
r,"Risk 2 (Medium)",606,8,c,41,-87,"Pass"
b,"Risk 2 (Medium)",606,8,c,41,-87,"No Entry"
r,"Risk 1 (High)",606,8,c,41,-87,"Pass"
r,"Risk 1 (High)",606,4,s,41,-87,"Fail"
r,"Risk 1 (High)",606,6,c,41,-87,"Pass"
r,"Risk 1 (High)",606,4,c,41,-87,"Pass"
l,"Risk 3 (Low)",606,7,c,41,-87,"Pass"
r,"Risk 1 (High)",606,7,c,41,-87,"Pass w/ Conditions"
r,"Risk 1 (High)",606,6,c,41,-87,"Pass"
r,"Risk 1 (High)",606,7,c,41,-87,"Pass"
r,"Risk 1 (High)",606,8,l,41,-87,"Fail"
r,"Risk 2 (Medium)",606,8,c,41,-87,"Pass"
g,"Risk 3 (Low)",606,6,c,41,-87,"Fail"
r,"Risk 1 (High)",606,5,c,41,-87,"Fail"
r,"Risk 1 (High)",606,7,c,41,-87,"Pass w/ Conditions"
b,"Risk 2 (Medium)",606,6,s,41,-87,"Pass"
r,"Risk 1 (High)",606,7,c,41,-87,"Pass w/ Conditions"
r,"Risk 1 (High)",606,5,l,41,-87,"Pass"
r,"Risk 2 (Medium)",606,5,c,41,-87,"Pass w/ Conditions"
r,"Risk 2 (Medium)",606,5,l,41,-87,"Pass"
r,"Risk 1 (High)",606,4,c,41,-87,"Pass w/ Conditions"
r,"Risk 2 (Medium)",606,6,c,41,-87,"Pass"
b,"Risk 1 (High)",606,5,c,41,-87,"Pass"
g,"Risk 2 (Medium)",606,7,c,41,-87,"Pass w/ Conditions"
r,"Risk 1 (High)",606,7,l,41,-87,"Pass"
r,"Risk 2 (Medium)",606,5,c,41,-87,"Pass w/ Conditions"
r,"Risk 1 (High)",606,8,c,41,-87,"Pass"
r,"Risk 2 (Medium)",606,8,c,41,-87,"Pass"
r,"Risk 1 (High)",606,6,c,41,-87,"Pass"
g,"Risk 1 (High)",606,4,c,41,-87,"Pass"
s,"Risk 1 (High)",606,5,c,41,-87,"Pass"
r,"Risk 1 (High)",606,7,c,41,-87,"Fail"
r,"Risk 1 (High)",606,6,c,41,-87,"Pass"
r,"Risk 1 (High)",606,6,c,41,-87,"Pass"
r,"Risk 1 (High)",606,5,s,41,-87,"Pass"
r,"Risk 2 (Medium)",606,5,c,41,-87,"Pass w/ Conditions"
r,"Risk 2 (Medium)",606,5,s,41,-87,"Pass"
c,"Risk 1 (High)",606,9,l,41,-87,"Pass"
r,"Risk 1 (High)",606,8,c,41,-87,"Pass"
r,"Risk 1 (High)",606,7,s,41,-87,"Pass w/ Conditions"
r,"Risk 1 (High)",606,7,c,41,-87,"No Entry"
r,"Risk 1 (High)",606,8,c,41,-87,"Fail"
r,"Risk 1 (High)",606,5,c,41,-87,"No Entry"
r,"Risk 1 (High)",606,4,c,41,-87,"Fail"
r,"Risk 1 (High)",606,6,c,41,-87,"Pass"
r,"Risk 1 (High)",606,8,c,41,-87,"No Entry"
r,"Risk 1 (High)",606,6,c,41,-87,"Pass"
r,"Risk 1 (High)",606,5,c,41,-87,"Pass"
r,"Risk 1 (High)",606,8,c,41,-87,"Pass"
r,"Risk 1 (High)",606,9,c,41,-87,"No Entry"
l,"Risk 3 (Low)",606,8,c,41,-87,"Fail"
r,"Risk 2 (Medium)",606,7,l,41,-87,"Pass"
r,"Risk 1 (High)",606,8,c,41,-87,"Pass"
r,"Risk 1 (High)",606,7,c,41,-87,"Out of Business"
s,"Risk 1 (High)",606,4,c,41,-87,"Fail"
m,"Risk 2 (Medium)",606,6,c,41,-87,"Pass"
r,"Risk 1 (High)",606,6,c,41,-87,"Pass"
r,"Risk 1 (High)",606,6,c,41,-87,"Pass"
r,"Risk 1 (High)",606,4,c,41,-87,"Pass"
r,"Risk 1 (High)",606,6,c,41,-87,"Fail"
r,"Risk 1 (High)",606,8,c,41,-87,"Pass w/ Conditions"
r,"Risk 2 (Medium)",606,5,c,41,-87,"Pass"
r,"Risk 1 (High)",606,5,c,41,-87,"Pass"
r,"Risk 1 (High)",606,5,c,41,-87,"Out of Business"
d,"Risk 1 (High)",606,4,c,41,-87,"Out of Business"
r,"Risk 1 (High)",606,6,c,41,-87,"Pass"
r,"Risk 1 (High)",606,7,c,41,-87,"No Entry"
r,"Risk 2 (Medium)",606,5,l,41,-87,"Pass"
r,"Risk 1 (High)",606,5,c,41,-87,"Pass"
g,"Risk 1 (High)",606,7,c,41,-87,"Pass"
b,"Risk 1 (High)",606,8,c,41,-87,"No Entry"
d,"Risk 1 (High)",606,9,l,41,-87,"Pass w/ Conditions"
g,"Risk 1 (High)",606,6,c,41,-87,"Pass"
r,"Risk 1 (High)",606,5,c,41,-87,"Fail"
r,"Risk 1 (High)",606,6,c,41,-87,"Pass"
g,"Risk 2 (Medium)",606,6,c,42,-87,"Pass"
m,"Risk 1 (High)",606,9,l,41,-87,"Pass"
d,"Risk 1 (High)",606,6,l,41,-87,"Pass w/ Conditions"
r,"Risk 1 (High)",606,5,c,41,-87,"Pass"
s,"Risk 1 (High)",606,5,c,41,-87,"Pass"
h,"Risk 1 (High)",606,7,c,41,-87,"Pass"
g,"Risk 2 (Medium)",606,5,c,41,-87,"Out of Business"
r,"Risk 1 (High)",606,8,l,41,-87,"Fail"
r,"Risk 1 (High)",606,5,c,41,-87,"Pass"
r,"Risk 1 (High)",606,9,c,41,-87,"No Entry"
r,"Risk 1 (High)",606,6,c,41,-87,"Pass"
g,"Risk 2 (Medium)",606,7,c,42,-87,"Pass"
r,"Risk 1 (High)",606,6,c,41,-87,"Pass"
,"Risk 1 (High)",606,5,c,41,-87,"Out of Business"
r,"Risk 1 (High)",606,5,c,41,-87,"Pass"
r,"Risk 1 (High)",606,6,c,41,-87,"No Entry"
s,"Risk 1 (High)",606,9,c,41,-87,"Pass"
r,"Risk 1 (High)",606,6,c,41,-87,"Pass"
g,"Risk 3 (Low)",606,5,c,41,-87,"Out of Business"
r,"Risk 1 (High)",606,7,c,41,-87,"Pass"
r,"Risk 1 (High)",606,8,c,41,-87,"Pass"
g,"Risk 3 (Low)",606,7,c,41,-87,"Out of Business"
r,"Risk 1 (High)",606,7,c,41,-87,"Out of Business"
r,"Risk 1 (High)",606,4,c,41,-87,"Pass"
r,"Risk 1 (High)",606,8,c,41,-87,"Pass"
r,"Risk 2 (Medium)",606,6,l,41,-87,"Pass"
,"Risk 2 (Medium)",606,7,c,41,-87,"Fail"
r,"Risk 2 (Medium)",606,7,c,41,-87,"Pass"
r,"Risk 1 (High)",606,5,c,41,-87,"Pass"
r,"Risk 1 (High)",606,8,r,42,-87,"Pass w/ Conditions"
g,"Risk 3 (Low)",606,5,c,41,-87,"Pass"
r,"Risk 2 (Medium)",606,5,c,41,-87,"Pass"
g,"Risk 2 (Medium)",606,5,l,41,-87,"Pass"
r,"Risk 2 (Medium)",606,5,s,41,-87,"Fail"
r,"Risk 2 (Medium)",606,5,c,41,-87,"Out of Business"
r,"Risk 1 (High)",606,6,s,41,-87,"Pass"
s,"Risk 1 (High)",606,5,c,42,-87,"Pass"
r,"Risk 1 (High)",606,4,c,41,-87,"Pass"
r,"Risk 1 (High)",606,6,l,41,-87,"Pass"
r,"Risk 1 (High)",606,5,c,41,-87,"No Entry"
r,"Risk 1 (High)",606,7,c,,,"Pass"
r,"Risk 1 (High)",606,6,c,41,-87,"Pass"
r,"Risk 1 (High)",606,7,c,41,-87,"Pass"
r,"Risk 1 (High)",606,7,c,41,-87,"Pass"
c,"Risk 1 (High)",606,6,c,41,-87,"Fail"
r,"Risk 3 (Low)",606,7,l,41,-87,"Fail"
g,"Risk 3 (Low)",606,7,c,41,-87,"Pass"
r,"Risk 1 (High)",606,8,c,41,-87,"No Entry"
r,"Risk 1 (High)",606,7,c,41,-87,"No Entry"
r,"Risk 1 (High)",606,8,c,41,-87,"Pass w/ Conditions"
r,"Risk 1 (High)",606,8,c,41,-87,"Pass"
r,"Risk 1 (High)",606,5,c,41,-87,"Pass"
s,"Risk 1 (High)",606,4,c,41,-87,"Pass"
r,"Risk 2 (Medium)",606,8,s,41,-87,"Pass"
s,"Risk 2 (Medium)",606,8,l,41,-87,"Pass"
r,"Risk 1 (High)",606,6,c,41,-87,"Fail"
r,"Risk 2 (Medium)",606,8,c,41,-87,"Out of Business"
r,"Risk 1 (High)",606,6,c,41,-87,"Pass w/ Conditions"
r,"Risk 3 (Low)",606,5,l,41,-87,"Pass w/ Conditions"
,"Risk 3 (Low)",606,6,c,41,-87,"Out of Business"
r,"Risk 1 (High)",606,5,c,41,-87,"Pass"
s,"Risk 1 (High)",606,9,c,41,-87,"Fail"
r,"Risk 1 (High)",606,5,c,41,-87,"Pass"
r,"Risk 1 (High)",606,5,c,41,-87,"Pass"
g,"Risk 2 (Medium)",606,5,c,41,-87,"Pass"
g,"Risk 3 (Low)",606,5,l,41,-87,"Fail"
r,"Risk 1 (High)",606,6,c,41,-87,"Fail"
g,"Risk 3 (Low)",606,5,c,41,-87,"Pass"
r,"Risk 1 (High)",606,7,c,41,-87,"Pass w/ Conditions"
r,"Risk 1 (High)",606,7,c,41,-87,"Pass"
r,"Risk 1 (High)",606,4,l,42,-87,"Pass"
r,"Risk 1 (High)",606,8,c,41,-87,"Pass w/ Conditions"
c,"Risk 1 (High)",606,5,c,41,-87,"Pass"
r,"Risk 1 (High)",606,5,c,42,-87,"Pass w/ Conditions"
r,"Risk 1 (High)",606,7,c,41,-87,"Pass"
h,"Risk 1 (High)",606,7,c,41,-87,"Pass"
r,"Risk 1 (High)",606,5,c,41,-87,"Pass w/ Conditions"
r,"Risk 1 (High)",606,7,c,42,-87,"Pass"
r,"Risk 1 (High)",606,4,c,41,-87,"Fail"
r,"Risk 1 (High)",606,8,c,41,-87,"Out of Business"
r,"Risk 1 (High)",606,8,c,41,-87,"Fail"
r,"Risk 1 (High)",606,6,c,41,-87,"Pass"
r,"Risk 1 (High)",606,4,l,41,-87,"Pass"
s,"Risk 3 (Low)",606,5,l,42,-87,"Pass"
m,"Risk 2 (Medium)",606,7,l,41,-87,"Pass"
r,"Risk 1 (High)",606,7,c,41,-87,"Pass"
r,"Risk 1 (High)",606,7,c,41,-87,"Pass"
r,"Risk 2 (Medium)",606,7,c,41,-87,"Pass w/ Conditions"
r,"Risk 1 (High)",606,9,l,41,-87,"Pass"
r,"Risk 1 (High)",606,7,c,41,-87,"Fail"
r,"Risk 2 (Medium)",606,8,c,41,-87,"Pass"
r,"Risk 1 (High)",606,6,l,41,-87,"Pass"
l,"Risk 3 (Low)",606,8,l,41,-87,"Fail"
l,"Risk 1 (High)",606,5,c,41,-87,"Pass"
r,"Risk 2 (Medium)",606,5,c,41,-87,"Pass"
r,"Risk 1 (High)",606,7,c,41,-87,"Pass"
r,"Risk 2 (Medium)",606,8,c,41,-87,"Pass"
r,"Risk 1 (High)",606,9,c,41,-87,"Fail"
r,"Risk 1 (High)",606,8,c,41,-87,"Pass"
g,"Risk 2 (Medium)",606,6,c,41,-87,"Pass"
r,"Risk 1 (High)",606,5,c,41,-87,"Pass"
r,"Risk 1 (High)",606,4,c,41,-87,"Pass"
r,"Risk 2 (Medium)",606,8,c,41,-87,"Pass w/ Conditions"
s,"Risk 2 (Medium)",606,4,c,41,-87,"Pass"
r,"Risk 1 (High)",606,5,c,41,-87,"Pass"
r,"Risk 1 (High)",606,7,c,41,-87,"Pass"
r,"Risk 1 (High)",606,5,c,41,-87,"Out of Business"
r,"Risk 1 (High)",606,5,c,41,-87,"Pass"
g,"Risk 2 (Medium)",606,6,c,41,-87,"Pass w/ Conditions"
r,"Risk 1 (High)",606,5,c,41,-87,"Pass"
r,"Risk 3 (Low)",606,4,l,41,-87,"Pass"
r,"Risk 1 (High)",606,5,c,41,-87,"Pass"
g,"Risk 3 (Low)",606,6,l,42,-87,"Fail"
u,"Risk 1 (High)",606,7,c,41,-87,"Pass"
,"Risk 3 (Low)",606,5,c,42,-87,"Out of Business"
r,"Risk 1 (High)",606,6,c,41,-87,"Pass"
r,"Risk 1 (High)",606,6,c,41,-87,"Pass"
r,"Risk 1 (High)",606,8,c,41,-87,"Pass"
r,"Risk 1 (High)",606,6,c,41,-87,"Pass"
r,"Risk 2 (Medium)",606,7,c,42,-87,"Pass"
r,"Risk 2 (Medium)",606,7,c,41,-87,"Pass w/ Conditions"
r,"Risk 1 (High)",606,7,c,41,-87,"Pass"
r,"Risk 1 (High)",606,7,c,41,-87,"Pass"
r,"Risk 1 (High)",606,6,c,41,-87,"Pass"
l,"Risk 3 (Low)",606,8,c,41,-87,"Pass"
r,"Risk 1 (High)",606,8,c,41,-87,"Out of Business"
r,"Risk 2 (Medium)",606,8,l,41,-87,"Fail"
r,"Risk 1 (High)",606,7,c,41,-87,"Pass"
r,"Risk 1 (High)",606,6,l,41,-87,"Pass"
m,"Risk 2 (Medium)",606,5,c,41,-87,"Fail"
r,"Risk 1 (High)",606,9,c,41,-87,"Pass"
r,"Risk 1 (High)",606,6,c,41,-87,"No Entry"
r,"Risk 2 (Medium)",606,8,l,41,-87,"Pass"
r,"Risk 1 (High)",606,6,c,41,-87,"No Entry"
g,"Risk 1 (High)",606,6,c,42,-87,"Fail"
r,"Risk 1 (High)",606,6,c,41,-87,"Pass"
r,"Risk 1 (High)",606,6,c,41,-87,"Pass w/ Conditions"
r,"Risk 2 (Medium)",606,7,l,41,-87,"Pass"
r,"Risk 1 (High)",606,6,c,41,-87,"Fail"
r,"Risk 1 (High)",606,7,c,42,-87,"Pass w/ Conditions"
r,"Risk 1 (High)",606,7,l,41,-87,"Pass"
g,"Risk 1 (High)",606,7,c,41,-87,"No Entry"
r,"Risk 1 (High)",606,5,c,41,-87,"Fail"
r,"Risk 1 (High)",606,6,c,41,-87,"Pass"
r,"Risk 1 (High)",606,8,c,41,-87,"Pass"
d,"Risk 1 (High)",606,9,l,41,-87,"Pass"
r,"Risk 1 (High)",606,8,c,41,-87,"Pass"
r,"Risk 1 (High)",606,5,c,41,-87,"Pass"
r,"Risk 3 (Low)",606,7,l,41,-87,"Pass"
r,"Risk 1 (High)",606,6,c,42,-87,"Pass"
r,"Risk 1 (High)",606,6,c,41,-87,"Pass w/ Conditions"
r,"Risk 1 (High)",606,6,c,41,-87,"Out of Business"
g,"Risk 1 (High)",606,8,c,41,-87,"Pass"
s,"Risk 1 (High)",606,8,c,41,-87,"Fail"
r,"Risk 1 (High)",606,5,c,41,-87,"Out of Business"
r,"Risk 1 (High)",606,6,c,41,-87,"Pass"
r,"Risk 1 (High)",606,8,c,41,-87,"Pass"
r,"Risk 2 (Medium)",606,6,c,41,-87,"Pass"
r,"Risk 1 (High)",606,6,c,41,-87,"Pass w/ Conditions"
r,"Risk 1 (High)",606,7,c,41,-87,"No Entry"
r,"Risk 1 (High)",606,7,c,41,-87,"Pass"
r,"Risk 1 (High)",606,7,l,41,-87,"Pass"
r,"Risk 1 (High)",606,5,c,41,-87,"Pass"
g,"Risk 1 (High)",606,7,c,41,-87,"Pass"
r,"Risk 1 (High)",606,4,l,41,-87,"Pass"
d,"Risk 1 (High)",606,4,l,41,-87,"Pass"
g,"Risk 3 (Low)",606,7,c,42,-87,"Pass"
g,"Risk 1 (High)",606,9,c,41,-87,"Pass"
g,"Risk 2 (Medium)",606,4,l,41,-87,"Fail"
r,"Risk 1 (High)",606,7,c,41,-87,"Pass w/ Conditions"
r,"Risk 2 (Medium)",606,8,c,41,-87,"Out of Business"
r,"Risk 1 (High)",606,4,c,41,-87,"Out of Business"
r,"Risk 1 (High)",606,5,c,41,-87,"Out of Business"
r,"Risk 1 (High)",606,6,c,41,-87,"Out of Business"
s,"Risk 1 (High)",606,5,c,41,-87,"Fail"
r,"Risk 1 (High)",606,5,c,41,-87,"Fail"
g,"Risk 2 (Medium)",606,4,c,41,-87,"Pass"
c,"Risk 3 (Low)",606,7,c,41,-87,"Fail"
r,"Risk 1 (High)",606,7,c,41,-87,"Out of Business"
r,"Risk 1 (High)",606,4,c,41,-87,"Pass"
r,"Risk 1 (High)",606,6,s,41,-87,"Pass"
r,"Risk 1 (High)",606,5,c,41,-87,"Pass"
r,"Risk 1 (High)",606,6,c,41,-87,"Pass"
r,"Risk 1 (High)",606,5,s,41,-87,"Pass w/ Conditions"
r,"Risk 2 (Medium)",606,4,l,41,-87,"Pass"
r,"Risk 1 (High)",606,7,c,41,-87,"Out of Business"
b,"Risk 1 (High)",606,8,c,41,-87,"No Entry"
r,"Risk 2 (Medium)",606,6,c,41,-87,"Pass"
r,"Risk 1 (High)",606,5,c,41,-87,"Pass w/ Conditions"
r,"Risk 1 (High)",606,5,c,41,-87,"Pass"
r,"Risk 1 (High)",606,4,l,41,-87,"Pass"
l,"Risk 1 (High)",606,6,c,41,-87,"Pass"
r,"Risk 1 (High)",606,7,l,41,-87,"Fail"
g,"Risk 1 (High)",606,7,c,41,-87,"Fail"
r,"Risk 3 (Low)",606,7,l,41,-87,"Pass"
r,"Risk 1 (High)",606,6,c,41,-87,"Pass"
r,"Risk 2 (Medium)",606,7,c,41,-87,"Pass"
r,"Risk 1 (High)",606,6,c,41,-87,"Pass"
r,"Risk 1 (High)",606,5,c,41,-87,"No Entry"
g,"Risk 2 (Medium)",606,6,c,41,-87,"Fail"
r,"Risk 1 (High)",606,7,c,41,-87,"Pass"
r,"Risk 1 (High)",606,8,c,41,-87,"Pass"
s,"Risk 1 (High)",606,5,c,41,-87,"Pass"
s,"Risk 1 (High)",606,9,c,41,-87,"Pass"
r,"Risk 1 (High)",606,6,c,41,-87,"Fail"
r,"Risk 1 (High)",606,5,l,41,-87,"Fail"
r,"Risk 1 (High)",606,6,c,41,-87,"Out of Business"
r,"Risk 1 (High)",606,6,c,41,-87,"Pass"
r,"Risk 1 (High)",606,7,c,41,-87,"Pass"
r,"Risk 1 (High)",606,7,c,41,-87,"Pass w/ Conditions"
r,"Risk 1 (High)",606,4,c,41,-87,"Pass"
r,"Risk 1 (High)",606,4,c,41,-87,"Pass"
r,"Risk 2 (Medium)",606,5,l,41,-87,"Fail"
g,"Risk 3 (Low)",606,8,l,41,-87,"Fail"
r,"Risk 1 (High)",606,7,c,41,-87,"No Entry"
g,"Risk 3 (Low)",606,5,l,41,-87,"Pass"
s,"Risk 1 (High)",606,9,c,41,-87,"Pass"
r,"Risk 2 (Medium)",606,5,c,41,-87,"Pass"
r,"Risk 2 (Medium)",606,8,c,41,-87,"Pass"
r,"Risk 1 (High)",606,8,c,41,-87,"Pass w/ Conditions"
r,"Risk 1 (High)",606,6,c,41,-87,"Pass w/ Conditions"
r,"Risk 1 (High)",606,5,c,42,-87,"Pass"
r,"Risk 1 (High)",606,8,c,41,-87,"Pass"
r,"Risk 2 (Medium)",606,7,c,,,"Pass"
r,"Risk 1 (High)",606,6,c,41,-87,"Out of Business"
,"Risk 1 (High)",606,6,l,41,-87,"Fail"
r,"Risk 1 (High)",606,6,l,41,-87,"Pass"
r,"Risk 1 (High)",606,6,c,41,-87,"Pass"
r,"Risk 1 (High)",606,7,c,41,-87,"Pass"
r,"Risk 1 (High)",606,6,c,41,-87,"Pass"
r,"Risk 1 (High)",606,6,c,41,-87,"Pass"
r,"Risk 2 (Medium)",606,4,c,41,-87,"Pass"
r,"Risk 1 (High)",606,4,c,41,-87,"Pass"
r,"Risk 1 (High)",607,5,c,41,-87,"Pass w/ Conditions"
r,"Risk 1 (High)",606,8,c,41,-87,"Fail"
r,"Risk 1 (High)",606,8,c,41,-87,"Pass"
g,"Risk 3 (Low)",606,8,c,41,-87,"Fail"
s,"Risk 1 (High)",606,5,c,41,-87,"Pass"
,"Risk 1 (High)",606,6,l,41,-87,"Fail"
r,"Risk 1 (High)",606,5,l,41,-87,"Fail"
r,"Risk 1 (High)",606,6,c,41,-87,"Pass w/ Conditions"
r,"Risk 2 (Medium)",606,7,c,41,-87,"Pass"
r,"Risk 1 (High)",606,8,c,41,-87,"Out of Business"
r,"Risk 1 (High)",606,4,c,41,-87,"Pass w/ Conditions"
r,"Risk 1 (High)",606,5,c,41,-87,"Pass"
r,"Risk 1 (High)",606,6,c,41,-87,"Pass"
g,"Risk 2 (Medium)",606,8,c,41,-87,"Pass w/ Conditions"
r,"Risk 1 (High)",606,8,c,41,-87,"Fail"
r,"Risk 1 (High)",606,4,l,41,-87,"Pass"
r,"Risk 1 (High)",606,7,c,41,-87,"Pass"
r,"Risk 1 (High)",606,6,c,41,-87,"Pass"
r,"Risk 2 (Medium)",606,7,c,41,-87,"Pass w/ Conditions"
r,"Risk 1 (High)",606,4,c,41,-87,"Pass"
r,"Risk 1 (High)",606,7,c,41,-87,"Fail"
r,"Risk 1 (High)",606,5,c,41,-87,"Pass"
r,"Risk 2 (Medium)",606,6,l,41,-87,"Pass"
r,"Risk 1 (High)",606,6,c,41,-87,"Pass"
r,"Risk 2 (Medium)",606,7,c,41,-87,"Fail"
r,"Risk 1 (High)",606,6,c,41,-87,"Pass w/ Conditions"
r,"Risk 1 (High)",606,7,c,41,-87,"Pass"
r,"Risk 1 (High)",606,5,c,41,-87,"Out of Business"
r,"Risk 1 (High)",606,7,l,41,-87,"Pass"
r,"Risk 1 (High)",606,8,c,41,-87,"Pass"
,"Risk 3 (Low)",606,5,c,41,-87,"Out of Business"
c,"Risk 3 (Low)",606,8,l,42,-87,"Pass"
r,"Risk 1 (High)",606,8,c,41,-87,"Fail"
r,"Risk 1 (High)",606,5,c,41,-87,"Pass w/ Conditions"
r,"Risk 1 (High)",606,7,c,41,-87,"No Entry"
r,"Risk 1 (High)",606,6,c,41,-87,"Pass"
r,"Risk 1 (High)",606,5,c,41,-87,"Pass w/ Conditions"
g,"Risk 2 (Medium)",606,6,c,41,-87,"Pass w/ Conditions"
g,"Risk 3 (Low)",606,5,c,41,-87,"Pass"
r,"Risk 2 (Medium)",606,8,c,41,-87,"Pass"
r,"Risk 1 (High)",606,6,c,41,-87,"Pass w/ Conditions"
r,"Risk 2 (Medium)",606,9,c,41,-87,"Out of Business"
r,"Risk 1 (High)",606,6,c,41,-87,"No Entry"
r,"Risk 1 (High)",606,6,c,41,-87,"Pass w/ Conditions"
r,"Risk 1 (High)",606,9,c,41,-87,"Pass"
r,"Risk 1 (High)",606,5,l,41,-87,"Fail"
r,"Risk 1 (High)",606,5,c,41,-87,"Pass"
r,"Risk 1 (High)",606,5,c,41,-87,"Pass w/ Conditions"
r,"Risk 1 (High)",606,8,c,41,-87,"Pass"
r,"Risk 1 (High)",606,8,c,41,-87,"Pass"
g,"Risk 2 (Medium)",606,7,c,41,-87,"Pass"
r,"Risk 2 (Medium)",606,7,l,41,-87,"Pass"
r,"Risk 1 (High)",606,7,c,41,-87,"Pass"
r,"Risk 1 (High)",606,6,c,41,-87,"Pass"
m,"Risk 3 (Low)",606,8,l,41,-87,"Fail"
r,"Risk 2 (Medium)",606,6,c,41,-87,"Fail"
r,"Risk 1 (High)",606,7,c,41,-87,"Pass"
g,"Risk 2 (Medium)",606,5,c,41,-87,"Pass w/ Conditions"
r,"Risk 2 (Medium)",606,7,c,41,-87,"Pass w/ Conditions"
r,"Risk 1 (High)",606,5,c,41,-87,"Fail"
r,"Risk 2 (Medium)",606,7,s,41,-87,"Fail"
r,"Risk 1 (High)",606,7,l,41,-87,"Pass"
r,"Risk 1 (High)",606,5,c,41,-87,"Pass"
r,"Risk 2 (Medium)",606,4,c,41,-87,"Out of Business"
r,"Risk 1 (High)",606,5,l,41,-87,"Pass"
r,"Risk 1 (High)",606,6,c,41,-87,"Pass"
r,"Risk 1 (High)",606,4,c,41,-87,"Pass"
r,"Risk 2 (Medium)",606,6,l,41,-87,"Fail"
r,"Risk 1 (High)",606,6,c,41,-87,"Pass w/ Conditions"
r,"Risk 1 (High)",606,5,c,41,-87,"Fail"
g,"Risk 1 (High)",606,6,c,41,-87,"Out of Business"
r,"Risk 1 (High)",606,4,c,41,-87,"Pass"
r,"Risk 1 (High)",606,7,l,41,-87,"Fail"
r,"Risk 1 (High)",606,8,c,41,-87,"Out of Business"
r,"Risk 1 (High)",606,6,c,41,-87,"No Entry"
r,"Risk 1 (High)",606,9,c,41,-87,"No Entry"
s,"Risk 1 (High)",606,6,c,41,-87,"Out of Business"
g,"Risk 3 (Low)",606,4,l,41,-87,"Fail"
r,"Risk 1 (High)",606,8,c,41,-87,"Pass"
r,"Risk 1 (High)",606,8,c,41,-87,"Pass"
s,"Risk 1 (High)",606,5,c,41,-87,"Pass"
r,"Risk 1 (High)",606,7,c,41,-87,"Pass w/ Conditions"
r,"Risk 1 (High)",606,7,l,41,-87,"Fail"
r,"Risk 2 (Medium)",606,7,c,41,-87,"No Entry"
r,"Risk 1 (High)",606,8,c,41,-87,"Fail"
r,"Risk 1 (High)",606,4,c,41,-87,"Pass"
r,"Risk 1 (High)",606,6,c,41,-87,"Pass w/ Conditions"
r,"Risk 1 (High)",606,8,c,41,-87,"Fail"
r,"Risk 1 (High)",606,7,c,41,-87,"Pass"
r,"Risk 1 (High)",606,7,c,41,-87,"Pass"
r,"Risk 1 (High)",606,4,c,41,-87,"Fail"
r,"Risk 1 (High)",606,8,c,41,-87,"Fail"
c,"Risk 3 (Low)",606,8,l,42,-87,"Pass"
r,"Risk 2 (Medium)",606,7,c,41,-87,"Pass w/ Conditions"
r,"Risk 1 (High)",606,6,c,42,-87,"Pass"
r,"Risk 1 (High)",606,6,c,41,-87,"Pass"
r,"Risk 1 (High)",606,6,c,41,-87,"Pass"
r,"Risk 1 (High)",606,4,s,41,-87,"Pass"
r,"Risk 1 (High)",606,5,c,41,-87,"Pass"
r,"Risk 1 (High)",606,6,c,41,-87,"Pass"
r,"Risk 1 (High)",606,5,c,41,-87,"Pass"
r,"Risk 2 (Medium)",606,5,c,41,-87,"Fail"
c,"Risk 1 (High)",606,8,c,41,-87,"Pass w/ Conditions"
s,"Risk 1 (High)",606,8,c,41,-87,"Pass"
r,"Risk 1 (High)",606,7,c,41,-87,"Fail"
r,"Risk 1 (High)",606,4,c,41,-87,"Pass"
r,"Risk 1 (High)",606,8,c,41,-87,"Pass"
r,"Risk 1 (High)",606,8,c,41,-87,"Out of Business"
r,"Risk 1 (High)",606,8,c,41,-87,"Fail"
r,"Risk 1 (High)",606,8,c,41,-87,"Pass"
r,"Risk 1 (High)",606,5,c,41,-87,"Pass"
r,"Risk 2 (Medium)",606,7,l,41,-87,"Pass"
r,"Risk 1 (High)",606,6,c,41,-87,"Pass w/ Conditions"
g,"Risk 3 (Low)",606,6,l,41,-87,"Pass"
r,"Risk 1 (High)",606,6,c,41,-87,"Pass"
r,"Risk 1 (High)",606,8,l,41,-87,"Pass"
r,"Risk 1 (High)",606,4,c,41,-87,"Pass w/ Conditions"
g,"Risk 1 (High)",606,7,c,41,-87,"Pass w/ Conditions"
r,"Risk 1 (High)",606,5,c,41,-87,"Pass w/ Conditions"
r,"Risk 1 (High)",606,8,c,41,-87,"Out of Business"
r,"Risk 1 (High)",606,8,c,41,-87,"Out of Business"
r,"Risk 1 (High)",606,7,c,41,-87,"Fail"
r,"Risk 1 (High)",606,7,c,41,-87,"Pass w/ Conditions"
b,"Risk 1 (High)",606,5,c,41,-87,"Pass"
r,"Risk 2 (Medium)",606,8,c,41,-87,"Out of Business"
r,"Risk 2 (Medium)",606,8,c,41,-87,"Out of Business"
r,"Risk 1 (High)",606,6,c,41,-87,"Fail"
r,"Risk 1 (High)",606,5,c,41,-87,"Pass"
r,"Risk 1 (High)",607,8,c,41,-87,"Pass"
r,"Risk 1 (High)",606,6,c,41,-87,"Fail"
r,"Risk 1 (High)",606,7,c,41,-87,"Pass"
r,"Risk 1 (High)",606,6,c,41,-87,"Pass w/ Conditions"
r,"Risk 1 (High)",606,8,c,41,-87,"Pass"
r,"Risk 1 (High)",606,5,c,41,-87,"Pass w/ Conditions"
r,"Risk 1 (High)",606,6,c,41,-87,"Out of Business"
g,"Risk 3 (Low)",606,5,l,41,-87,"Pass"
r,"Risk 1 (High)",606,7,l,41,-87,"Fail"
r,"Risk 3 (Low)",606,6,l,41,-87,"Fail"
g,"Risk 3 (Low)",606,4,l,41,-87,"Fail"
g,"Risk 1 (High)",606,7,c,41,-87,"Fail"
r,"Risk 1 (High)",606,6,c,41,-87,"Pass"
r,"Risk 1 (High)",606,7,c,41,-87,"Fail"
r,"Risk 1 (High)",606,8,c,41,-87,"Pass"
s,"Risk 1 (High)",606,4,c,41,-87,"Pass"
,"Risk 3 (Low)",606,8,c,41,-87,"Out of Business"
r,"Risk 2 (Medium)",606,5,c,41,-87,"Fail"
g,"Risk 1 (High)",606,4,s,41,-87,"Pass w/ Conditions"
r,"Risk 1 (High)",606,6,c,41,-87,"Pass"
r,"Risk 2 (Medium)",606,7,c,41,-87,"Pass"
g,"Risk 1 (High)",606,4,s,41,-87,"Pass w/ Conditions"
r,"Risk 1 (High)",606,7,c,41,-87,"Fail"
g,"Risk 3 (Low)",606,8,l,41,-87,"Fail"
r,"Risk 1 (High)",606,5,c,41,-87,"Pass"
h,"Risk 1 (High)",606,6,c,41,-87,"Pass"
p,"Risk 1 (High)",606,6,l,41,-87,"Pass"
b,"Risk 2 (Medium)",606,8,c,41,-87,"Fail"
r,"Risk 1 (High)",606,6,c,41,-87,"Pass"
r,"Risk 1 (High)",606,4,c,41,-87,"Pass"
r,"Risk 1 (High)",606,6,c,41,-87,"Pass w/ Conditions"
r,"Risk 2 (Medium)",606,6,c,41,-87,"Fail"
r,"Risk 1 (High)",606,7,c,41,-87,"Pass"
r,"Risk 1 (High)",606,6,l,41,-87,"Fail"
r,"Risk 1 (High)",606,8,c,41,-87,"Pass"
r,"Risk 3 (Low)",606,7,l,41,-87,"Fail"
r,"Risk 1 (High)",606,4,c,41,-87,"Pass"
r,"Risk 1 (High)",606,6,c,41,-87,"Pass"
r,"Risk 1 (High)",606,6,c,41,-87,"Pass"
r,"Risk 1 (High)",606,5,l,41,-87,"Fail"
r,"Risk 2 (Medium)",606,6,c,41,-87,"Pass"
r,"Risk 1 (High)",606,6,l,41,-87,"Pass"
r,"Risk 1 (High)",606,6,c,41,-87,"Pass w/ Conditions"
d,"Risk 1 (High)",606,7,c,41,-87,"Fail"
r,"Risk 1 (High)",606,6,c,41,-87,"Pass"
g,"Risk 1 (High)",606,6,c,41,-87,"Pass"
r,"Risk 1 (High)",606,8,c,41,-87,"Pass"
r,"Risk 1 (High)",606,4,c,41,-87,"Pass w/ Conditions"
r,"Risk 1 (High)",606,5,c,41,-87,"Fail"
r,"Risk 2 (Medium)",606,9,c,41,-87,"Pass"
g,"Risk 2 (Medium)",606,6,c,41,-87,"Pass"
r,"Risk 1 (High)",606,6,c,41,-87,"Pass"
g,"Risk 3 (Low)",606,7,c,41,-87,"Pass"
r,"Risk 1 (High)",606,5,c,41,-87,"Out of Business"
r,"Risk 1 (High)",606,6,c,42,-87,"Pass"
r,"Risk 1 (High)",606,8,c,41,-87,"Out of Business"
g,"Risk 1 (High)",606,6,c,41,-87,"Pass"
r,"Risk 1 (High)",606,5,c,41,-87,"Pass"
r,"Risk 1 (High)",606,9,c,41,-87,"Pass"
r,"Risk 2 (Medium)",606,8,l,41,-87,"Pass"
r,"Risk 1 (High)",606,4,c,41,-87,"Pass"
r,"Risk 1 (High)",606,5,l,41,-87,"Pass w/ Conditions"
g,"Risk 3 (Low)",606,4,c,41,-87,"Pass"
r,"Risk 1 (High)",606,9,c,41,-87,"Out of Business"
r,"Risk 1 (High)",606,6,c,41,-87,"Pass"
r,"Risk 1 (High)",606,6,c,41,-87,"Pass"
r,"Risk 1 (High)",606,4,c,41,-87,"Pass"
r,"Risk 1 (High)",606,8,c,41,-87,"Fail"
r,"Risk 1 (High)",606,7,c,41,-87,"Pass"
r,"Risk 2 (Medium)",606,8,c,41,-87,"Fail"
r,"Risk 2 (Medium)",606,7,l,41,-87,"Pass"
r,"Risk 1 (High)",606,9,l,41,-87,"Pass"
l,"Risk 3 (Low)",606,8,l,41,-87,"Pass"
r,"Risk 1 (High)",606,5,c,41,-87,"Pass"
r,"Risk 1 (High)",606,6,c,41,-87,"Pass"
g,"Risk 3 (Low)",606,7,c,41,-87,"Pass"
r,"Risk 2 (Medium)",606,5,l,41,-87,"Fail"
s,"Risk 1 (High)",606,5,c,41,-87,"Pass"
s,"Risk 2 (Medium)",606,4,c,41,-87,"Pass"
r,"Risk 1 (High)",606,6,c,41,-87,"Fail"
r,"Risk 2 (Medium)",606,8,s,41,-87,"Pass w/ Conditions"
r,"Risk 1 (High)",606,7,c,41,-87,"Fail"
b,"Risk 2 (Medium)",606,9,l,41,-87,"Fail"
r,"Risk 1 (High)",606,4,c,41,-87,"Fail"
r,"Risk 1 (High)",606,7,c,41,-87,"No Entry"
m,"Risk 3 (Low)",604,8,l,,,"Fail"
s,"Risk 1 (High)",606,4,c,41,-87,"Pass"
r,"Risk 1 (High)",606,8,c,41,-87,"Pass"
,"Risk 3 (Low)",606,6,c,41,-87,"Out of Business"
d,"Risk 1 (High)",606,5,l,41,-87,"Fail"
r,"Risk 1 (High)",606,5,c,41,-87,"Fail"
r,"Risk 2 (Medium)",606,9,l,41,-87,"Pass"
,"Risk 3 (Low)",606,7,c,41,-87,"Out of Business"
r,"Risk 2 (Medium)",606,8,c,42,-87,"Pass"
r,"Risk 1 (High)",606,4,c,41,-87,"Pass"
r,"Risk 1 (High)",606,6,l,41,-87,"Pass"
r,"Risk 1 (High)",606,7,c,41,-87,"Pass"
b,"Risk 2 (Medium)",606,5,c,41,-87,"Out of Business"
r,"Risk 3 (Low)",606,6,l,41,-87,"Pass"
r,"Risk 1 (High)",606,8,c,41,-87,"Pass"
g,"Risk 1 (High)",606,6,c,41,-87,"Pass w/ Conditions"
r,"Risk 2 (Medium)",606,6,c,41,-87,"Pass w/ Conditions"
d,"Risk 1 (High)",606,8,r,41,-87,"Pass"
r,"Risk 1 (High)",606,5,c,41,-87,"Fail"
r,"Risk 1 (High)",606,6,l,41,-87,"Pass"
g,"Risk 2 (Medium)",606,9,c,41,-87,"Out of Business"
r,"Risk 1 (High)",606,5,l,41,-87,"Pass"
r,"Risk 2 (Medium)",606,8,c,41,-87,"Fail"
g,"Risk 2 (Medium)",606,7,c,41,-87,"Pass"
c,"Risk 1 (High)",606,6,c,41,-87,"Pass"
s,"Risk 2 (Medium)",606,5,l,41,-87,"Fail"
r,"Risk 1 (High)",606,7,c,41,-87,"Out of Business"
r,"Risk 1 (High)",606,8,c,41,-87,"Fail"
d,"Risk 1 (High)",606,8,l,41,-87,"Pass"
r,"Risk 1 (High)",606,7,c,41,-87,"Out of Business"
r,"Risk 1 (High)",606,6,c,41,-87,"Pass"
g,"Risk 3 (Low)",606,7,c,41,-87,"Fail"
r,"Risk 1 (High)",606,6,c,41,-87,"Pass"
r,"Risk 2 (Medium)",606,8,c,41,-87,"Out of Business"
r,"Risk 1 (High)",606,7,l,41,-87,"Pass"
r,"Risk 1 (High)",606,6,c,41,-87,"Pass w/ Conditions"
r,"Risk 2 (Medium)",606,8,l,41,-87,"Pass"
b,"Risk 1 (High)",606,5,c,41,-87,"Pass"
r,"Risk 1 (High)",606,7,c,41,-87,"Fail"
r,"Risk 1 (High)",606,7,l,41,-87,"Pass"
r,"Risk 1 (High)",606,6,c,41,-87,"Fail"
g,"Risk 3 (Low)",606,7,l,41,-87,"Pass"
r,"Risk 1 (High)",606,6,c,41,-87,"Pass"
r,"Risk 1 (High)",606,4,c,41,-87,"Pass"
g,"Risk 3 (Low)",606,4,c,41,-87,"Fail"
g,"Risk 2 (Medium)",606,8,c,41,-87,"Pass"
r,"Risk 2 (Medium)",606,6,c,41,-87,"Pass"
r,"Risk 1 (High)",606,5,c,41,-87,"Pass"
r,"Risk 1 (High)",606,7,c,41,-87,"Pass"
g,"Risk 3 (Low)",606,7,l,41,-87,"Pass"
r,"Risk 1 (High)",606,4,c,41,-87,"Fail"
d,"Risk 1 (High)",606,8,l,41,-87,"Pass w/ Conditions"
r,"Risk 2 (Medium)",606,8,c,41,-87,"No Entry"
r,"Risk 2 (Medium)",606,7,c,41,-87,"Pass"
d,"Risk 1 (High)",606,6,l,41,-87,"Pass"
r,"Risk 1 (High)",606,5,c,41,-87,"Out of Business"
r,"Risk 1 (High)",606,6,c,41,-87,"Pass"
g,"Risk 2 (Medium)",606,6,c,41,-87,"Pass"
r,"Risk 1 (High)",606,5,c,41,-87,"Pass"
r,"Risk 1 (High)",606,5,c,41,-87,"Pass"
r,"Risk 1 (High)",606,5,c,41,-87,"Pass"
r,"Risk 1 (High)",606,7,c,41,-87,"Pass"
,"Risk 2 (Medium)",606,7,c,41,-87,"Pass"
g,"Risk 2 (Medium)",606,6,c,41,-87,"Fail"
r,"Risk 1 (High)",606,8,c,41,-87,"Pass"
c,"Risk 1 (High)",606,7,c,41,-87,"Pass"
r,"Risk 1 (High)",606,4,c,41,-87,"Pass"
r,"Risk 1 (High)",606,7,c,41,-87,"Pass"
r,"Risk 1 (High)",606,7,c,41,-87,"No Entry"
r,"Risk 1 (High)",606,7,c,41,-87,"Pass"
r,"Risk 1 (High)",606,6,c,41,-87,"Fail"
r,"Risk 1 (High)",606,5,c,41,-87,"Out of Business"
s,"Risk 1 (High)",606,5,c,41,-87,"Pass w/ Conditions"
r,"Risk 1 (High)",606,5,c,41,-87,"Pass"
r,"Risk 1 (High)",606,4,c,41,-87,"Pass"
,"Risk 3 (Low)",606,4,c,41,-87,"Out of Business"
r,"Risk 1 (High)",606,6,c,41,-87,"Pass"
d,"Risk 1 (High)",606,5,l,41,-87,"Pass"
r,"Risk 1 (High)",606,7,c,41,-87,"Out of Business"
r,"Risk 1 (High)",606,7,c,41,-87,"Fail"
r,"Risk 2 (Medium)",606,6,l,41,-87,"Fail"
r,"Risk 1 (High)",606,7,c,41,-87,"Pass"
r,"Risk 2 (Medium)",606,8,c,41,-87,"Pass"
r,"Risk 1 (High)",606,6,l,41,-87,"Pass"
r,"Risk 2 (Medium)",606,8,c,41,-87,"Pass w/ Conditions"
g,"Risk 2 (Medium)",606,7,c,41,-87,"Fail"
r,"Risk 1 (High)",606,7,c,41,-87,"Pass w/ Conditions"
r,"Risk 1 (High)",606,8,c,41,-87,"Pass"
r,"Risk 1 (High)",606,7,c,41,-87,"Pass"
r,"Risk 1 (High)",606,6,c,41,-87,"Fail"
g,"Risk 3 (Low)",606,7,l,41,-87,"Fail"
r,"Risk 1 (High)",606,8,c,41,-87,"Pass"
r,"Risk 1 (High)",606,5,c,41,-87,"Pass"
g,"Risk 3 (Low)",606,9,c,41,-87,"Fail"
d,"Risk 1 (High)",606,8,c,41,-87,"Out of Business"
r,"Risk 1 (High)",606,4,c,41,-87,"Pass"
r,"Risk 1 (High)",606,5,c,41,-87,"Fail"
r,"Risk 1 (High)",606,5,c,41,-87,"Pass"
r,"Risk 1 (High)",606,4,l,41,-87,"Fail"
g,"Risk 1 (High)",606,8,c,41,-87,"Pass"
r,"Risk 1 (High)",606,5,c,41,-87,"Pass"
r,"Risk 1 (High)",606,4,c,41,-87,"Pass"
r,"Risk 2 (Medium)",606,6,c,41,-87,"Pass"
r,"Risk 1 (High)",606,7,c,41,-87,"Pass"
s,"Risk 1 (High)",606,5,c,41,-87,"Fail"
r,"Risk 1 (High)",606,9,c,41,-87,"No Entry"
r,"Risk 2 (Medium)",606,7,c,41,-87,"Pass w/ Conditions"
r,"Risk 2 (Medium)",606,4,c,41,-87,"Out of Business"
r,"Risk 1 (High)",606,5,l,41,-87,"Fail"
r,"Risk 1 (High)",606,5,c,41,-87,"Pass w/ Conditions"
r,"Risk 1 (High)",606,7,c,41,-87,"Fail"
r,"Risk 1 (High)",606,9,c,41,-87,"Fail"
m,"Risk 1 (High)",606,7,l,41,-87,"Pass"
r,"Risk 1 (High)",606,8,c,41,-87,"Pass"
r,"Risk 1 (High)",606,6,c,41,-87,"Pass"
r,"Risk 1 (High)",606,5,c,41,-87,"Pass"
r,"Risk 1 (High)",606,7,l,41,-87,"Fail"
r,"Risk 1 (High)",606,9,c,41,-87,"Pass"
r,"Risk 1 (High)",606,5,c,41,-87,"Pass"
g,"Risk 2 (Medium)",606,7,c,41,-87,"Fail"
r,"Risk 1 (High)",606,4,c,41,-87,"Pass"
r,"Risk 1 (High)",606,7,c,41,-87,"Pass"
r,"Risk 1 (High)",606,7,c,41,-87,"No Entry"
d,"Risk 1 (High)",606,7,l,41,-87,"Fail"
r,"Risk 1 (High)",606,6,c,41,-87,"Pass"
r,"Risk 1 (High)",606,8,c,41,-87,"Pass w/ Conditions"
r,"Risk 1 (High)",606,6,c,41,-87,"No Entry"
r,"Risk 1 (High)",606,7,s,41,-87,"Pass"
r,"Risk 1 (High)",606,5,c,41,-87,"Pass"
t,"Risk 3 (Low)",606,8,l,41,-87,"No Entry"
r,"Risk 1 (High)",606,5,c,41,-87,"Fail"
r,"Risk 1 (High)",606,7,c,41,-87,"Fail"
b,"Risk 2 (Medium)",606,6,c,41,-87,"Fail"
r,"Risk 1 (High)",606,7,c,42,-87,"Pass"
r,"Risk 1 (High)",606,9,c,41,-87,"Pass"
r,"Risk 1 (High)",606,5,c,41,-87,"Out of Business"
d,"Risk 1 (High)",606,6,l,41,-87,"Pass"
r,"Risk 1 (High)",606,5,c,41,-87,"Pass"
r,"Risk 1 (High)",606,5,c,41,-87,"Pass"
r,"Risk 1 (High)",606,4,c,41,-87,"Pass"
r,"Risk 1 (High)",606,5,l,41,-87,"Pass"
r,"Risk 1 (High)",606,9,c,41,-87,"Out of Business"
r,"Risk 1 (High)",606,4,c,41,-87,"Pass"
r,"Risk 1 (High)",606,6,c,41,-87,"Pass"
r,"Risk 1 (High)",606,5,c,41,-87,"Pass"
r,"Risk 1 (High)",606,7,c,41,-87,"No Entry"
s,"Risk 1 (High)",606,4,c,41,-87,"Pass"
r,"Risk 1 (High)",606,7,c,41,-87,"Pass"
r,"Risk 1 (High)",606,6,l,41,-87,"Pass"
r,"Risk 2 (Medium)",606,5,c,41,-87,"Pass"
r,"Risk 1 (High)",606,7,c,41,-87,"Pass"
r,"Risk 1 (High)",606,5,c,41,-87,"Pass"
s,"Risk 1 (High)",606,6,c,41,-87,"Out of Business"
r,"Risk 1 (High)",606,7,c,41,-87,"Pass"
g,"Risk 3 (Low)",606,5,l,41,-87,"Pass"
r,"Risk 2 (Medium)",606,8,c,41,-87,"Pass"
r,"Risk 1 (High)",607,5,c,41,-87,"Pass w/ Conditions"
r,"Risk 2 (Medium)",606,7,c,42,-87,"Pass"
r,"Risk 1 (High)",606,5,c,41,-87,"Fail"
s,"Risk 1 (High)",606,8,c,41,-87,"Pass"
r,"Risk 1 (High)",606,8,c,41,-87,"Pass"
r,"Risk 1 (High)",606,8,s,41,-87,"Fail"
r,"Risk 1 (High)",606,6,l,41,-87,"Fail"
r,"Risk 1 (High)",606,5,c,41,-87,"Pass"
r,"Risk 2 (Medium)",606,7,c,41,-87,"Pass"
b,"Risk 2 (Medium)",606,6,l,41,-87,"Pass"
r,"Risk 1 (High)",606,6,s,41,-87,"Pass"
r,"Risk 1 (High)",606,7,c,41,-87,"Pass w/ Conditions"
r,"Risk 1 (High)",606,8,c,41,-87,"No Entry"
d,"Risk 1 (High)",606,7,l,41,-87,"Pass"
r,"Risk 3 (Low)",606,9,l,41,-87,"Pass"
r,"Risk 1 (High)",606,6,c,41,-87,"Pass"
d,"Risk 1 (High)",606,6,l,41,-87,"Fail"
r,"Risk 1 (High)",606,8,c,41,-87,"Pass"
r,"Risk 2 (Medium)",606,8,s,41,-87,"Pass w/ Conditions"
r,"Risk 2 (Medium)",606,8,s,41,-87,"Fail"
,"Risk 2 (Medium)",606,7,c,41,-87,"Fail"
r,"Risk 1 (High)",606,8,c,41,-87,"Pass"
r,"Risk 2 (Medium)",606,7,c,41,-87,"Pass"
r,"Risk 1 (High)",606,5,c,41,-87,"Pass"
r,"Risk 2 (Medium)",606,7,l,41,-87,"Fail"
s,"Risk 1 (High)",606,5,c,42,-87,"Pass"
r,"Risk 1 (High)",606,5,c,41,-87,"No Entry"
r,"Risk 1 (High)",606,4,c,41,-87,"Pass"
r,"Risk 2 (Medium)",606,6,s,41,-87,"Pass"
r,"Risk 2 (Medium)",606,8,c,41,-87,"Out of Business"
r,"Risk 1 (High)",606,6,c,41,-87,"No Entry"
r,"Risk 1 (High)",606,7,c,41,-87,"Out of Business"
r,"Risk 1 (High)",606,6,s,42,-87,"Pass"
r,"Risk 1 (High)",606,5,l,41,-87,"Pass w/ Conditions"
r,"Risk 1 (High)",606,6,s,41,-87,"Pass"
s,"Risk 1 (High)",606,4,c,41,-87,"Pass"
r,"Risk 1 (High)",606,9,s,41,-87,"Fail"
r,"Risk 1 (High)",606,4,c,41,-87,"Fail"
r,"Risk 1 (High)",606,5,c,41,-87,"Pass w/ Conditions"
r,"Risk 2 (Medium)",606,8,c,41,-87,"Pass w/ Conditions"
r,"Risk 1 (High)",606,6,c,41,-87,"Pass"
r,"Risk 2 (Medium)",606,7,c,42,-87,"Pass"
r,"Risk 2 (Medium)",606,7,l,41,-87,"Fail"
r,"Risk 1 (High)",606,5,c,42,-87,"Fail"
r,"Risk 1 (High)",606,5,c,41,-87,"Pass"
s,"Risk 2 (Medium)",606,5,c,41,-87,"Fail"
d,"Risk 1 (High)",606,9,l,41,-87,"Pass"
r,"Risk 1 (High)",606,7,c,41,-87,"No Entry"
r,"Risk 1 (High)",606,8,c,41,-87,"No Entry"
r,"Risk 1 (High)",606,5,c,41,-87,"Pass"
r,"Risk 2 (Medium)",606,8,l,41,-87,"Pass"
g,"Risk 3 (Low)",606,6,c,41,-87,"Pass"
r,"Risk 2 (Medium)",606,7,c,41,-87,"Pass"
r,"Risk 1 (High)",606,4,c,41,-87,"Pass"
r,"Risk 1 (High)",606,4,c,41,-87,"No Entry"
g,"Risk 3 (Low)",606,8,c,41,-87,"Out of Business"
r,"Risk 1 (High)",606,4,c,41,-87,"Pass w/ Conditions"
c,"Risk 1 (High)",606,7,c,41,-87,"Pass"
r,"Risk 1 (High)",606,6,c,41,-87,"Pass"
r,"Risk 1 (High)",606,6,c,41,-87,"Pass"
r,"Risk 1 (High)",606,9,c,41,-87,"Fail"
s,"Risk 1 (High)",606,9,c,41,-87,"Fail"
r,"Risk 2 (Medium)",606,6,c,41,-87,"Pass"
r,"Risk 1 (High)",606,7,c,41,-87,"No Entry"
l,"Risk 3 (Low)",606,8,c,41,-87,"Pass"
r,"Risk 1 (High)",606,4,c,41,-87,"Pass"
r,"Risk 1 (High)",606,8,c,41,-87,"Pass w/ Conditions"
r,"Risk 1 (High)",606,8,c,41,-87,"Pass"
r,"Risk 1 (High)",606,8,c,41,-87,"Pass w/ Conditions"
r,"Risk 1 (High)",606,7,c,41,-87,"Fail"
r,"Risk 1 (High)",606,8,c,41,-87,"Fail"
g,"Risk 3 (Low)",606,6,c,41,-87,"Fail"
g,"Risk 2 (Medium)",606,8,l,41,-87,"Fail"
r,"Risk 1 (High)",606,7,c,41,-87,"Fail"
r,"Risk 2 (Medium)",606,4,c,41,-87,"Pass"
g,"Risk 1 (High)",606,9,c,41,-87,"Pass"
l,"Risk 3 (Low)",606,4,l,41,-87,"Fail"
r,"Risk 1 (High)",606,8,c,41,-87,"Pass"
r,"Risk 1 (High)",606,5,c,41,-87,"Pass"
g,"Risk 2 (Medium)",606,5,c,41,-87,"Pass"
r,"Risk 1 (High)",606,6,c,41,-87,"Pass"
r,"Risk 1 (High)",606,6,l,41,-87,"Fail"
s,"Risk 1 (High)",606,6,c,41,-87,"Out of Business"
s,"Risk 1 (High)",606,4,c,41,-87,"Pass"
r,"Risk 1 (High)",606,9,c,41,-87,"Pass w/ Conditions"
g,"Risk 3 (Low)",606,6,l,41,-87,"Fail"
r,"Risk 2 (Medium)",606,6,c,41,-87,"Pass"
b,"Risk 2 (Medium)",606,9,c,41,-87,"Pass w/ Conditions"
s,"Risk 1 (High)",606,5,c,41,-87,"Pass"
r,"Risk 2 (Medium)",606,7,c,41,-87,"Out of Business"
r,"Risk 1 (High)",606,7,c,41,-87,"No Entry"
r,"Risk 1 (High)",606,7,c,41,-87,"Fail"
g,"Risk 2 (Medium)",606,7,c,41,-87,"Pass"
g,"Risk 2 (Medium)",606,8,c,41,-87,"Out of Business"
s,"Risk 1 (High)",606,8,c,41,-87,"Pass"
r,"Risk 1 (High)",606,5,l,41,-87,"Pass w/ Conditions"
r,"Risk 1 (High)",606,8,c,41,-87,"Pass w/ Conditions"
r,"Risk 1 (High)",606,4,c,41,-87,"Pass"
r,"Risk 1 (High)",606,6,c,41,-87,"Pass"
r,"Risk 1 (High)",606,8,c,41,-87,"Fail"
r,"Risk 1 (High)",606,8,c,41,-87,"Fail"
r,"Risk 1 (High)",606,8,c,41,-87,"Pass"
r,"Risk 1 (High)",606,5,c,41,-87,"Pass"
g,"Risk 2 (Medium)",606,5,c,41,-87,"Pass w/ Conditions"
r,"Risk 1 (High)",606,4,c,41,-87,"Fail"
r,"Risk 2 (Medium)",606,9,c,41,-87,"Out of Business"
r,"Risk 1 (High)",606,4,c,41,-87,"Pass w/ Conditions"
r,"Risk 1 (High)",606,8,c,41,-87,"No Entry"
r,"Risk 1 (High)",606,5,c,41,-87,"Pass"
r,"Risk 1 (High)",606,5,c,41,-87,"Pass"
r,"Risk 1 (High)",606,7,c,41,-87,"Pass w/ Conditions"
r,"Risk 1 (High)",606,9,c,41,-87,"No Entry"
r,"Risk 1 (High)",606,6,l,41,-87,"Fail"
r,"Risk 1 (High)",606,6,c,41,-87,"Pass"
g,"Risk 3 (Low)",606,5,l,41,-87,"Pass"
r,"Risk 1 (High)",606,5,c,41,-87,"Pass w/ Conditions"
r,"Risk 1 (High)",606,7,s,41,-87,"Pass"
r,"Risk 1 (High)",606,5,c,41,-87,"Pass"
r,"Risk 1 (High)",606,9,c,41,-87,"Fail"
s,"Risk 1 (High)",606,5,c,41,-87,"Pass"
r,"Risk 1 (High)",606,4,c,41,-87,"Pass"
r,"Risk 1 (High)",606,5,c,41,-87,"Pass"
r,"Risk 2 (Medium)",606,5,c,41,-87,"Pass"
r,"Risk 1 (High)",606,6,c,41,-87,"Pass"
r,"Risk 3 (Low)",606,7,l,41,-87,"Pass"
r,"Risk 1 (High)",606,7,l,41,-87,"No Entry"
r,"Risk 2 (Medium)",606,7,l,41,-87,"Pass"
r,"Risk 2 (Medium)",606,4,c,41,-87,"Out of Business"
r,"Risk 1 (High)",606,6,c,41,-87,"Pass"
e,"Risk 1 (High)",606,5,c,41,-87,"Fail"
r,"Risk 1 (High)",606,4,c,41,-87,"Fail"
r,"Risk 1 (High)",606,5,c,41,-87,"Pass w/ Conditions"
r,"Risk 2 (Medium)",606,5,c,41,-87,"Pass"
r,"Risk 2 (Medium)",606,5,l,41,-87,"Fail"
r,"Risk 1 (High)",606,5,c,41,-87,"Pass"
r,"Risk 1 (High)",606,8,c,41,-87,"Fail"
r,"Risk 1 (High)",606,6,c,41,-87,"Pass"
r,"Risk 1 (High)",606,8,c,41,-87,"Out of Business"
s,"Risk 2 (Medium)",606,8,l,41,-87,"Pass"
r,"Risk 1 (High)",606,7,c,41,-87,"Pass"
s,"Risk 1 (High)",606,5,c,41,-87,"Pass"
r,"Risk 1 (High)",606,6,l,41,-87,"Fail"
r,"Risk 1 (High)",606,8,c,41,-87,"Pass"
r,"Risk 1 (High)",606,5,c,41,-87,"Out of Business"
g,"Risk 2 (Medium)",606,4,c,41,-87,"Pass"
g,"Risk 3 (Low)",606,8,c,41,-87,"Pass"
r,"Risk 1 (High)",606,7,c,41,-87,"No Entry"
r,"Risk 2 (Medium)",606,5,s,,,"Pass"
r,"Risk 2 (Medium)",606,7,c,41,-87,"Pass"
r,"Risk 1 (High)",606,5,c,41,-87,"Pass"
r,"Risk 1 (High)",606,6,c,41,-87,"Pass w/ Conditions"
r,"Risk 1 (High)",606,7,c,41,-87,"Fail"
b,"Risk 2 (Medium)",606,8,c,41,-87,"Fail"
r,"Risk 2 (Medium)",606,9,c,41,-87,"Fail"
r,"Risk 2 (Medium)",606,4,c,41,-87,"Pass"
r,"Risk 1 (High)",606,8,c,41,-87,"Pass w/ Conditions"
r,"Risk 1 (High)",606,6,c,41,-87,"Pass"
r,"Risk 1 (High)",606,7,c,41,-87,"Pass"
r,"Risk 1 (High)",606,6,c,41,-87,"Pass"
s,"Risk 1 (High)",606,7,c,41,-87,"Pass"
r,"Risk 1 (High)",606,8,c,41,-87,"Out of Business"
r,"Risk 1 (High)",606,6,c,41,-87,"Pass"
r,"Risk 1 (High)",606,6,c,41,-87,"Pass"
c,"Risk 1 (High)",606,8,c,41,-87,"Pass"
b,"Risk 2 (Medium)",606,6,l,41,-87,"No Entry"
r,"Risk 1 (High)",606,6,c,41,-87,"Pass w/ Conditions"
g,"Risk 2 (Medium)",606,7,c,41,-87,"Pass w/ Conditions"
r,"Risk 1 (High)",606,8,c,41,-87,"Fail"
r,"Risk 2 (Medium)",606,6,c,41,-87,"Pass w/ Conditions"
r,"Risk 1 (High)",606,8,c,41,-87,"Pass w/ Conditions"
r,"Risk 1 (High)",606,6,l,41,-87,"Pass"
r,"Risk 1 (High)",606,7,l,41,-87,"Pass"
r,"Risk 1 (High)",606,4,c,41,-87,"Out of Business"
r,"Risk 1 (High)",606,6,c,41,-87,"Pass"
r,"Risk 1 (High)",606,6,c,41,-87,"Pass"
r,"Risk 1 (High)",606,7,c,42,-87,"Pass"
r,"Risk 2 (Medium)",606,6,c,41,-87,"Pass"
r,"Risk 1 (High)",606,6,c,41,-87,"Pass"
r,"Risk 1 (High)",606,8,s,41,-87,"Fail"
g,"Risk 2 (Medium)",606,5,c,41,-87,"Pass"
d,"Risk 1 (High)",606,7,l,42,-87,"Pass"
g,"Risk 1 (High)",606,8,c,41,-87,"Pass w/ Conditions"
g,"Risk 2 (Medium)",606,5,c,41,-87,"Pass w/ Conditions"
r,"Risk 1 (High)",606,4,c,41,-87,"Pass"
r,"Risk 1 (High)",606,7,c,41,-87,"Pass"
g,"Risk 3 (Low)",606,6,c,41,-87,"Pass"
r,"Risk 1 (High)",606,6,c,41,-87,"Pass w/ Conditions"
r,"Risk 2 (Medium)",606,8,c,41,-87,"Pass"
r,"Risk 1 (High)",606,5,c,41,-87,"Pass"
h,"Risk 1 (High)",606,6,c,41,-87,"Pass w/ Conditions"
r,"Risk 1 (High)",606,6,c,41,-87,"Pass"
r,"Risk 2 (Medium)",606,8,c,41,-87,"Pass"
r,"Risk 2 (Medium)",606,7,c,41,-87,"Pass"
d,"Risk 1 (High)",606,5,l,41,-87,"Fail"
r,"Risk 1 (High)",606,5,c,41,-87,"Pass"
r,"Risk 1 (High)",606,4,c,41,-87,"Pass"
r,"Risk 1 (High)",606,6,c,41,-87,"Pass"
g,"Risk 3 (Low)",606,6,l,41,-87,"Fail"
r,"Risk 1 (High)",606,6,c,41,-87,"Pass"
r,"Risk 1 (High)",606,7,c,41,-87,"Fail"
r,"Risk 1 (High)",606,7,c,41,-87,"Pass"
d,"Risk 1 (High)",606,6,l,41,-87,"Pass"
r,"Risk 1 (High)",606,7,c,41,-87,"Fail"
r,"Risk 1 (High)",606,4,c,41,-87,"Pass"
m,"Risk 1 (High)",606,6,c,41,-87,"Pass"
r,"Risk 1 (High)",606,8,c,41,-87,"Pass"
r,"Risk 1 (High)",606,4,l,41,-87,"Pass"
g,"Risk 1 (High)",606,8,c,41,-87,"Pass"
r,"Risk 1 (High)",606,6,c,41,-87,"Pass"
r,"Risk 1 (High)",606,9,c,41,-87,"Pass"
r,"Risk 1 (High)",606,5,c,41,-87,"Pass"
g,"Risk 2 (Medium)",606,7,c,41,-87,"Pass"
r,"Risk 1 (High)",606,7,c,41,-87,"Pass"
r,"Risk 1 (High)",606,4,c,41,-87,"Pass"
r,"Risk 1 (High)",606,5,c,41,-87,"Pass w/ Conditions"
r,"Risk 1 (High)",606,4,l,41,-87,"Pass"
r,"Risk 1 (High)",606,4,l,41,-87,"Fail"
s,"Risk 2 (Medium)",606,5,c,41,-87,"Pass"
r,"Risk 1 (High)",606,8,c,41,-87,"Out of Business"
e,"Risk 1 (High)",606,5,c,41,-87,"Fail"
r,"Risk 1 (High)",606,6,l,41,-87,"Pass"
g,"Risk 3 (Low)",606,8,l,41,-87,"Fail"
r,"Risk 1 (High)",606,6,c,41,-87,"Fail"
g,"Risk 2 (Medium)",606,6,c,41,-87,"Pass"
r,"Risk 1 (High)",606,6,c,41,-87,"Pass"
r,"Risk 2 (Medium)",606,9,c,41,-87,"Pass"
r,"Risk 1 (High)",606,5,c,41,-87,"Pass w/ Conditions"
r,"Risk 1 (High)",606,8,c,41,-87,"Pass w/ Conditions"
r,"Risk 1 (High)",606,7,l,41,-87,"Pass"
r,"Risk 2 (Medium)",606,5,c,41,-87,"Out of Business"
s,"Risk 1 (High)",606,4,c,41,-87,"Pass"
b,"Risk 1 (High)",606,5,c,41,-87,"Pass"
r,"Risk 1 (High)",606,6,c,41,-87,"Fail"
s,"Risk 1 (High)",606,6,c,41,-87,"Pass"
g,"Risk 3 (Low)",606,7,c,41,-87,"Pass"
r,"Risk 1 (High)",606,8,c,41,-87,"Out of Business"
r,"Risk 2 (Medium)",606,8,c,41,-87,"Pass"
r,"Risk 1 (High)",606,7,c,41,-87,"Pass"
r,"Risk 1 (High)",606,6,c,41,-87,"Pass"
b,"Risk 2 (Medium)",606,8,c,41,-87,"Pass"
r,"Risk 1 (High)",606,4,c,41,-87,"Pass"
r,"Risk 1 (High)",606,7,c,41,-87,"Fail"
s,"Risk 1 (High)",606,4,c,41,-87,"Fail"
r,"Risk 1 (High)",606,6,c,41,-87,"Fail"
r,"Risk 2 (Medium)",606,5,c,41,-87,"Pass"
r,"Risk 1 (High)",606,5,c,41,-87,"No Entry"
g,"Risk 3 (Low)",606,8,c,41,-87,"Fail"
r,"Risk 1 (High)",606,6,c,41,-87,"Pass"
r,"Risk 1 (High)",606,5,c,41,-87,"Pass w/ Conditions"
r,"Risk 1 (High)",606,8,c,41,-87,"Pass"
r,"Risk 1 (High)",606,8,c,41,-87,"Pass"
r,"Risk 1 (High)",606,5,c,41,-87,"Pass"
r,"Risk 1 (High)",606,7,c,41,-87,"Fail"
r,"Risk 1 (High)",606,5,c,41,-87,"Pass"
r,"Risk 1 (High)",606,6,c,41,-87,"Pass"
r,"Risk 1 (High)",606,7,c,41,-87,"No Entry"
r,"Risk 2 (Medium)",606,9,c,41,-87,"Pass"
g,"Risk 1 (High)",606,6,c,41,-87,"Pass"
r,"Risk 1 (High)",606,4,c,41,-87,"Pass"
r,"Risk 1 (High)",606,4,c,41,-87,"Fail"
d,"Risk 1 (High)",606,6,l,41,-87,"Pass"
r,"Risk 2 (Medium)",606,5,l,41,-87,"Fail"
m,"Risk 1 (High)",606,8,l,41,-87,"Pass"
r,"Risk 1 (High)",606,7,c,41,-87,"Pass"
g,"Risk 2 (Medium)",606,9,l,41,-87,"Fail"
r,"Risk 1 (High)",606,7,c,41,-87,"Pass"
r,"Risk 2 (Medium)",606,5,c,41,-87,"Pass w/ Conditions"
,"Risk 3 (Low)",606,5,c,41,-87,"Out of Business"
r,"Risk 2 (Medium)",606,7,l,41,-87,"Fail"
c,"Risk 1 (High)",606,8,l,41,-87,"Fail"
r,"Risk 1 (High)",606,8,c,41,-87,"Out of Business"
r,"Risk 2 (Medium)",606,5,c,41,-87,"Pass"
b,"Risk 1 (High)",606,5,c,41,-87,"Pass"
r,"Risk 1 (High)",606,5,c,41,-87,"Pass w/ Conditions"
r,"Risk 1 (High)",606,9,c,41,-87,"Out of Business"
r,"Risk 1 (High)",606,6,l,41,-87,"Fail"
s,"Risk 1 (High)",606,5,c,41,-87,"Pass"
r,"Risk 1 (High)",606,7,c,41,-87,"Fail"
r,"Risk 1 (High)",606,6,c,41,-87,"Pass"
r,"Risk 1 (High)",606,5,c,41,-87,"Pass"
l,"Risk 3 (Low)",606,6,c,41,-87,"No Entry"
r,"Risk 1 (High)",606,5,c,41,-87,"Pass"
g,"Risk 2 (Medium)",606,7,c,41,-87,"Pass"
d,"Risk 1 (High)",606,5,l,41,-87,"Pass"
g,"Risk 2 (Medium)",606,6,c,41,-87,"Fail"
s,"Risk 1 (High)",606,4,c,41,-87,"Pass"
d,"Risk 1 (High)",606,7,c,41,-87,"Out of Business"
g,"Risk 1 (High)",606,7,c,41,-87,"Pass"
g,"Risk 1 (High)",606,6,c,41,-87,"Pass"
